<?xml version="1.0" encoding="utf-8" ?>


<Sprites>

    <scissorsdown path="objects/LylyraHelper/scissors/" start="spawndown">
        <Loop id="spawndown" path="cutdown" delay="0.1" frames="0"/>
        <Loop id="idledown" path="cutdown" delay="0.1" frames="0-5"/>
        <Anim id="break" path="breakdown" delay="0.1" frames="0-7"/>
    </scissorsdown>j

    <scissorsup path="objects/LylyraHelper/scissors/" start="spawnup">
        <Loop id="spawnup" path="cutup" delay="0.1" frames="0"/>
        <Loop id="idleup" path="cutup" delay="0.1" frames="0-5"/>
        <Anim id="break" path="breakup" delay="0.1" frames="0-7"/>
    </scissorsup>

    <scissors path="objects/LylyraHelper/scissors/" start="spawnright">
        <Loop id="spawnright" path="cutright" delay="0.1" frames="0"/>
        <Loop id="idleright" path="cutright" delay="0.1" frames="0-5"/>
        <Anim id="break" path="breakright" delay="0.1" frames="0-7"/>
    </scissors>

    <scissorsleft path="objects/LylyraHelper/scissors/" start="spawnleft">
        <Loop id="spawnleft" path="cutleft" delay="0.1" frames="0"/>
        <Loop id="idleleft" path="cutleft" delay="0.1" frames="0-5"/>
        <Anim id="break" path="breakleft" delay="0.1" frames="0-7"/>
    </scissorsleft>

	<laserCutterUp path="objects/LylyraHelper/laserCutter/" start="idle">
		<Loop id="idle" path="idleUp" delay="0.1" frames="0"/>
		<Anim id="fire" path="fireUp" delay="0.1" frames="0-10" goto="firecont" />
		<Loop id="firecont" path="firecontUp" delay="0.1" frames="0-1"/>
		<Anim id="reset" path="resetUp" delay="0.1" frames="0-10" goto="idle"/>
	</laserCutterUp>


	<laserCutterDown path="objects/LylyraHelper/laserCutter/" start="idle">
		<Loop id="idle" path="idleDown" delay="0.1" frames="0"/>
		<Anim id="fire" path="fireDown" delay="0.1" frames="0-10" goto="firecont" />
		<Loop id="firecont" path="firecontDown" delay="0.1" frames="0-1"/>
		<Anim id="reset" path="resetDown" delay="0.1" frames="0-10" goto="idle"/>
	</laserCutterDown>


	<laserCutterLeft path="objects/LylyraHelper/laserCutter/" start="idle">
		<Loop id="idle" path="idleLeft" delay="0.1" frames="0"/>
		<Anim id="fire" path="fireLeft" delay="0.1" frames="0-10" goto="firecont" />
		<Loop id="firecont" path="firecontLeft" delay="0.1" frames="0-1"/>
		<Anim id="reset" path="resetLeft" delay="0.1" frames="0-10" goto="idle"/>
	</laserCutterLeft>


	<laserCutterRight path="objects/LylyraHelper/laserCutter/" start="idle">
		<Loop id="idle" path="idleRight" delay="0.1" frames="0"/>
		<Anim id="fire" path="fireRight" delay="0.1" frames="0-10" goto="firecont" />
		<Loop id="firecont" path="firecontRight" delay="0.1" frames="0-1"/>
		<Anim id="reset" path="resetRight" delay="0.1" frames="0-10" goto="idle"/>
	</laserCutterRight>

	<laser path="objects/LylyraHelper/laserCutter/" start="up">
		<Loop id="up" path="laserUp" delay="0.1" frames="0-3"/>
		<Loop id="down" path="laserDown" delay="0.1" frames="0-3"/>
		<Loop id="left" path="laserLeft" delay="0.1" frames="0-3"/>
		<Loop id="right" path="laserRight" delay="0.1" frames="0-3"/>jj
	</laser>

    <bigcloud path="objects/LylyraHelper/bigCloud/" start="idle">
        <Anim id="spawn" path="normalbigcloud" delay="0.1" frames="6-10" goto="idle"/>
        <Loop id="idle" path="normalbigcloud" delay="0.1" frames="0"/>
        <Anim id="fade" path="normalbigcloud" delay="0.1" frames="1-5"/>
    </bigcloud>
	<shockwaveEmitter path="objects/LylyraHelper/ss2024/ellipticalShockwave/" start="idle">
		<Center/>
		<Loop id="idle" path="hydro_ancientgenerator" delay="0.1" />
		<Anim id="explode" path="hydro_ancientgenerator_explosion" delay="0.1"/>
	</shockwaveEmitter>
	<fragilebigcloud path="objects/LylyraHelper/bigCloud/" start="idle">
		<Anim id="spawn" path="fragilebigcloud" delay="0.1" frames="6-10" goto="idle"/>
		<Loop id="idle" path="fragilebigcloud" delay="0.1" frames="0"/>
		<Anim id="fade" path="fragilebigcloud" delay="0.1" frames="1-5"/>
	</fragilebigcloud>

    <bubbledscissors path="objects/LylyraHelper/bubbledScissors/" start="idle">
        <Loop id="idle" path="bubble" delay="0.1" frames="0"/>
    </bubbledscissors>
	
	<smwKey path="objects/LylyraHelper/ss2024/smwKey/" start="idle">
		<Loop id="idle" path="leafkey" delay="0.1" frames="0"/>
		<Anim id="destroyed" path="leafkey" delay="0.05" frames="1-12"/>
	</smwKey>
	<smwDoorLock path="objects/LylyraHelper/ss2024/smwDoor/" start="idle">
		<Center/>
		<Loop id="idle" path="pomf" delay="0.1" frames="0"/>
		<Anim id="open" path="pomf" delay="0.1" frames="1-5" goto="postopen"/>
		<Anim id="postopen" path="pomf" delay="0.1" frames="6-12"/>
	</smwDoorLock>
	<smwDoorLockH path="objects/LylyraHelper/ss2024/smwDoor/" start="idle">
		<Center/>
		<Loop id="idle" path="lockh" delay="0.1" frames="0"/>
		<Anim id="open" path="lockh" delay="0.1" frames="1-5" goto="postopen"/>
		<Anim id="postopen" path="pomf" delay="0.1" frames="6-12"/>
	</smwDoorLockH>
	<smwDoorChainBot path="objects/LylyraHelper/ss2024/smwDoor/" start="idle">
		<Center/>
		<Loop id="idle" path="chainBot" delay="0.1" frames="0"/>
		<Anim id="open" path="chainBot" delay="0.1" frames="1-2"/>
	</smwDoorChainBot>
	<smwDoorChainTop path="objects/LylyraHelper/ss2024/smwDoor/" start="idle">
		<Center/>
		<Loop id="idle" path="chainTop" delay="0.1" frames="0"/>
		<Anim id="open" path="chainTop" delay="0.1" frames="1-2"/>
	</smwDoorChainTop>
	<smwDoorChainHBot path="objects/LylyraHelper/ss2024/smwDoor/" start="idle">
		<Center/>
		<Loop id="idle" path="chainHBot" delay="0.1" frames="0"/>
		<Anim id="open" path="chainHBot" delay="0.1" frames="1-2"/>
	</smwDoorChainHBot>
	<smwDoorChainHTop path="objects/LylyraHelper/ss2024/smwDoor/" start="idle">
		<Center/>
		<Loop id="idle" path="chainHTop" delay="0.1" frames="0"/>
		<Anim id="open" path="chainHTop" delay="0.1" frames="1-2"/>
	</smwDoorChainHTop>


</Sprites>